<?xml version="1.0" encoding="UTF-8"?>
<project-private xmlns="http://www.netbeans.org/ns/project-private/1">
    <editor-bookmarks xmlns="http://www.netbeans.org/ns/editor-bookmarks/2" lastBookmarkId="0"/>
    <open-files xmlns="http://www.netbeans.org/ns/projectui-open-files/2">
        <group>
            <file>file:/C:/xampp/htdocs/collegesystem1/app/Http/Controllers/ProgController.php</file>
            <file>file:/C:/xampp/htdocs/collegesystem1/routes/web.php</file>
            <file>file:/C:/xampp/htdocs/collegesystem1/app/Http/Controllers/ProgFacade.php</file>
            <file>file:/C:/xampp/htdocs/collegesystem1/resources/views/progF/index.blade.php</file>
            <file>file:/C:/xampp/htdocs/collegesystem1/app/Http/Controllers/CourseController.php</file>
            <file>file:/C:/xampp/htdocs/collegesystem1/resources/views/prog/create.blade.php</file>
            <file>file:/C:/xampp/htdocs/collegesystem1/resources/views/prog/index.blade.php</file>
        </group>
    </open-files>
</project-private>
